W(g),pH,Qe
0.05,3,15
0.05,4,28.83333
0.05,5,33.75
0.05,6,39.91667
0.05,7,39.41667
0.05,8,38.75
0.05,9,33.16667
0.03,3,10.83333
0.03,4,25
0.03,5,30.83333
0.03,6,37.41667
0.03,7,35.83333
0.03,8,33.33333
0.03,9,28.3333
0.01,3,7.5
0.01,4,21.66667
0.01,5,28.33333
0.01,6,35.5
0.01,7,33.75
0.01,8,28.33333
0.01,9,23.75
